loss,accuracy,val_loss,val_accuracy
1.8645384311676025,0.08163219690322876,2.358192205429077,0.0
